instance_name,total_trips,assigned_trips,unassigned_trips,vehicles_used,total_deadhead_km
small,5,5,0,2,10.718834939040068
medium,30,30,0,3,50.2554157337646
large,150,150,0,8,222.0547599669388
muy_large,1500,1480,20,150,7475.494024105482
